user_id,name,email
141,Ananya,user141@example.com
142,Aditya,user142@example.com
143,Ananya,user143@example.com
144,Vivaan,user144@example.com
145,Rahul,user145@example.com
146,Ananya,user146example.com
147,Kavya,user147@example.com
148,Arjun,user148@example.com
149,Aditya,user149@example.com
150,Rohan,user150@example.com
151,Aditya,user151@example.com
152,Ananya,user152@example.com
153,,user153@example.com
154,Aarav,user154@example.com
155,Kavya,user155@example.com
156,Rohan,user156@example.com
157,Priya,user157@example.com
158,Aarav,user158@example.com
159,Vivaan,user159@example.com
160,Rohan,user160@example.com
